Sector,AI_Adoption_Start,Peak_Disruption_Year,Current_AI_Adoption_Pct,Projected_2027_Pct,Projected_2030_Pct,Key_AI_Use_Cases
Healthcare,2022,2029,25,45,70,"Diagnostics, admin automation, patient triage"
Finance,2020,2027,55,72,88,"Fraud detection, robo-advisors, compliance"
IT & Technology,2019,2026,65,80,92,"Code generation, testing, infrastructure"
Public Administration,2023,2030,15,30,50,"Document processing, citizen services"
Construction,2024,2029,10,25,45,"Project planning, safety monitoring"
Retail & Trade,2021,2026,45,65,85,"Checkout automation, inventory, logistics"
Manufacturing,2020,2027,40,60,75,"Quality control, predictive maintenance"
Logistics & Transport,2022,2028,35,55,72,"Route optimization, warehouse automation"
Education,2023,2030,20,35,52,"Personalized learning, admin, grading"
Other Services,2023,2029,18,32,50,"Customer service, scheduling, reporting"
